{
  "claude-3-5-haiku": [8e-7, 0.000004, 0.000001, 8e-8],
  "claude-3-5-sonnet": [0.000003, 0.000015, 0.00000375, 3e-7],
  "claude-3-7-sonnet": [0.000003, 0.000015, 0.00000375, 3e-7],
  "claude-haiku-4-5": [0.000001, 0.000005, 0.00000125, 1e-7],
  "claude-sonnet-4": [0.000003, 0.000015, 0.00000375, 3e-7],
  "claude-sonnet-4-5": [0.000003, 0.000015, 0.00000375, 3e-7],
  "claude-sonnet-4-6": [0.000003, 0.000015, 0.00000375, 3e-7],
  "claude-opus-4": [0.000015, 0.000075, 0.00001875, 0.0000015],
  "claude-opus-4-1": [0.000015, 0.000075, 0.00001875, 0.0000015],
  "claude-opus-4-5": [0.000005, 0.000025, 0.00000625, 5e-7],
  "claude-opus-4-6": [0.000005, 0.000025, 0.00000625, 5e-7],
  "claude-opus-4-7": [0.000005, 0.000025, 0.00000625, 5e-7],
  "anthropic/claude-sonnet-4-5": [0.000003, 0.000015, 0.00000375, 3e-7],
  "anthropic/claude-sonnet-4-6": [0.000003, 0.000015, 0.00000375, 3e-7],
  "anthropic/claude-opus-4-6": [0.000005, 0.000025, 0.00000625, 5e-7],
  "gpt-4.1": [0.000002, 0.000008, null, 5e-7],
  "gpt-4.1-mini": [4e-7, 0.0000016, null, 1e-7],
  "gpt-4.1-nano": [1e-7, 4e-7, null, 2.5e-8],
  "gpt-4o": [0.0000025, 0.00001, null, 0.00000125],
  "gpt-4o-mini": [1.5e-7, 6e-7, null, 7.5e-8],
  "gpt-5": [0.00000125, 0.00001, null, 1.25e-7],
  "gpt-5.1": [0.00000125, 0.00001, null, 1.25e-7],
  "gpt-5.1-codex": [0.00000125, 0.00001, null, 1.25e-7],
  "gpt-5.1-codex-mini": [2.5e-7, 0.000002, null, 2.5e-8],
  "gpt-5.2": [0.00000175, 0.000014, null, 1.75e-7],
  "gpt-5.2-codex": [0.00000175, 0.000014, null, 1.75e-7],
  "gpt-5.3-codex": [0.00000175, 0.000014, null, 1.75e-7],
  "gpt-5.4": [0.0000025, 0.000015, null, 2.5e-7],
  "gpt-5.4-mini": [7.5e-7, 0.0000045, null, 7.5e-8],
  "gpt-5.4-nano": [2e-7, 0.00000125, null, 2e-8],
  "gpt-5.5": [0.000005, 0.00003, null, 5e-7],
  "gpt-5-mini": [2.5e-7, 0.000002, null, 2.5e-8],
  "gpt-5-nano": [5e-8, 4e-7, null, 5e-9],
  "moonshotai/kimi-k2-0905": [6e-7, 0.0000025, null, null],
  "moonshotai/kimi-k2-instruct": [5.7e-7, 0.0000023, null, null],
  "moonshotai/kimi-k2-thinking": [6e-7, 0.0000025, null, null],
  "deepseek-chat": [2.8e-7, 4.2e-7, null, 2.8e-8],
  "deepseek-reasoner": [2.8e-7, 4.2e-7, null, 2.8e-8],
  "qwen3-coder-480b-a35b-instruct": [3e-7, 0.0000013, null, null],
  "gemini-2.5-pro": [0.00000125, 0.00001, null, 1.25e-7],
  "gemini-2.5-flash": [3e-7, 0.0000025, null, 3e-8]
}
